2011,10,1,616
2011,10,2,633
2011,10,3,637
2011,10,4,-32767
2011,10,5,570
2011,10,6,569
2011,10,7,589
2011,10,8,609
2011,10,9,610
2011,10,10,618
2011,10,11,646
2011,10,12,-32767
2011,10,13,646
2011,10,14,688
2011,10,15,709
2011,10,16,698
2011,10,17,732
2011,10,18,764
2011,10,19,775
2011,10,20,805
2011,10,21,799
2011,10,22,798
2011,10,23,826
2011,10,24,813
2011,10,25,817
2011,10,26,842
2011,10,27,854
2011,10,28,820
2011,10,29,803
2011,10,30,850
2011,10,31,840
2011,11,1,803
2011,11,2,831
2011,11,3,870
2011,11,4,852
2011,11,5,831
2011,11,6,823
2011,11,7,823
2011,11,8,812
2011,11,9,798
2011,11,10,805
2011,11,11,773
2011,11,12,720
2011,11,13,713
2011,11,14,751
2011,11,15,773
2011,11,16,748
2011,11,17,729
2011,11,18,766
2011,11,19,-32767
2011,11,20,-32767
2011,11,21,844
2011,11,22,845
2011,11,23,816
2011,11,24,803
2011,11,25,807
2011,11,26,833
2011,11,27,863
2011,11,28,849
2011,11,29,881
2011,11,30,889
2011,12,1,895
2011,12,2,898
2011,12,3,896
2011,12,4,864
2011,12,5,818
2011,12,6,799
2011,12,7,817
2011,12,8,837
2011,12,9,827
2011,12,10,801
2011,12,11,773
2011,12,12,792
2011,12,13,837
2011,12,14,850
2011,12,15,820
2011,12,16,797
2011,12,17,819
2011,12,18,843
2011,12,19,847
2011,12,20,836
2011,12,21,820
2011,12,22,826
2011,12,23,870
2011,12,24,894
2011,12,25,858
2011,12,26,839
2011,12,27,881
2011,12,28,893
2011,12,29,870
2011,12,30,845
2011,12,31,-32767
2012,1,1,-32767
2012,1,2,952
2012,1,3,957
2012,1,4,962
2012,1,5,980
2012,1,6,929
2012,1,7,930
2012,1,8,879
2012,1,9,841
2012,1,10,835
2012,1,11,802
2012,1,12,798
2012,1,13,839
2012,1,14,863
2012,1,15,897
2012,1,16,848
2012,1,17,786
2012,1,18,802
2012,1,19,798
2012,1,20,-32767
2012,1,21,-32767
2012,1,22,888
2012,1,23,902
2012,1,24,-32767
2012,1,25,619
2012,1,26,586
2012,1,27,569
2012,1,28,599
2012,1,29,628
2012,1,30,626
2012,1,31,613
2012,2,1,599
2012,2,2,626
2012,2,3,629
2012,2,4,622
2012,2,5,652
2012,2,6,681
2012,2,7,645
2012,2,8,837
2012,2,9,994
2012,2,10,914
2012,2,11,-32767
2012,2,12,-32767
2012,2,13,-32767
2012,2,14,888
2012,2,15,874
2012,2,16,798
2012,2,17,821
2012,2,18,767
2012,2,19,715
2012,2,20,709
2012,2,21,712
2012,2,22,703
2012,2,23,674
2012,2,24,757
2012,2,25,692
2012,2,26,613
2012,2,27,579
2012,2,28,586
2012,2,29,560
2012,3,1,-32767
2012,3,2,-32767
2012,3,3,448
2012,3,4,485
2012,3,5,464
2012,3,6,486
2012,3,7,689
2012,3,8,788
2012,3,9,-32767
2012,3,10,580
2012,3,11,570
2012,3,12,527
2012,3,13,586
2012,3,14,698
2012,3,15,751
2012,3,16,788
2012,3,17,-32767
2012,3,18,-32767
2012,3,19,604
2012,3,20,632
2012,3,21,622
2012,3,22,491
2012,3,23,533
2012,3,24,546
2012,3,25,539
2012,3,26,690
2012,3,27,826
2012,3,28,795
2012,3,29,710
2012,3,30,736
2012,3,31,791
2012,4,1,904
2012,4,2,-32767
2012,4,3,-32767
2012,4,4,-32767
2012,4,5,1232
2012,4,6,1107
2012,4,7,1099
2012,4,8,1039
2012,4,9,962
2012,4,10,1067
2012,4,11,1104
2012,4,12,1091
2012,4,13,709
2012,4,14,526
2012,4,15,557
2012,4,16,595
2012,4,17,545
2012,4,18,533
2012,4,19,476
2012,4,20,479
2012,4,21,427
2012,4,22,433
2012,4,23,462
2012,4,24,467
2012,4,25,385
2012,4,26,308
2012,4,27,474
2012,4,28,432
2012,4,29,275
2012,4,30,267
2012,5,1,325
2012,5,2,-32767
2012,5,3,-32767
2012,5,4,204
2012,5,5,175
2012,5,6,420
2012,5,7,598
2012,5,8,-32767
2012,5,9,-32767
2012,5,10,526
2012,5,11,543
2012,5,12,555
2012,5,13,568
2012,5,14,585
2012,5,15,596
2012,5,16,617
2012,5,17,608
2012,5,18,579
2012,5,19,554
2012,5,20,541
2012,5,21,520
2012,5,22,532
2012,5,23,548
2012,5,24,546
2012,5,25,567
2012,5,26,560
2012,5,27,530
2012,5,28,523
2012,5,29,512
2012,5,30,505
2012,5,31,493
2012,6,1,515
2012,6,2,534
2012,6,3,516
2012,6,4,503
2012,6,5,507
2012,6,6,532
2012,6,7,544
2012,6,8,534
2012,6,9,515
2012,6,10,-32767
2012,6,11,509
2012,6,12,522
2012,6,13,546
2012,6,14,560
2012,6,15,538
2012,6,16,511
2012,6,17,534
2012,6,18,546
2012,6,19,537
2012,6,20,547
2012,6,21,561
2012,6,22,546
2012,6,23,564
2012,6,24,576
2012,6,25,574
2012,6,26,585
2012,6,27,550
2012,6,28,540
2012,6,29,549
2012,6,30,542
2012,7,1,577
2012,7,2,618
2012,7,3,598
2012,7,4,596
2012,7,5,591
2012,7,6,603
2012,7,7,578
2012,7,8,535
2012,7,9,558
2012,7,10,582
2012,7,11,579
2012,7,12,583
2012,7,13,569
2012,7,14,525
2012,7,15,514
2012,7,16,519
2012,7,17,550
2012,7,18,564
2012,7,19,550
2012,7,20,563
2012,7,21,595
2012,7,22,606
2012,7,23,587
2012,7,24,568
2012,7,25,531
2012,7,26,514
2012,7,27,495
2012,7,28,492
2012,7,29,476
2012,7,30,440
2012,7,31,440
2012,8,1,466
2012,8,2,481
2012,8,3,484
2012,8,4,484
2012,8,5,489
2012,8,6,476
2012,8,7,466
2012,8,8,486
2012,8,9,507
2012,8,10,519
2012,8,11,520
2012,8,12,515
2012,8,13,506
2012,8,14,512
2012,8,15,517
2012,8,16,534
2012,8,17,596
2012,8,18,620
2012,8,19,604
2012,8,20,574
2012,8,21,574
2012,8,22,567
2012,8,23,558
2012,8,24,593
2012,8,25,612
2012,8,26,573
2012,8,27,548
2012,8,28,603
2012,8,29,626
2012,8,30,588
2012,8,31,570
2012,9,1,595
2012,9,2,630
2012,9,3,626
2012,9,4,616
2012,9,5,640
2012,9,6,633
2012,9,7,593
2012,9,8,576
2012,9,9,568
2012,9,10,561
2012,9,11,592
2012,9,12,614
2012,9,13,600
2012,9,14,599
2012,9,15,581
2012,9,16,592
2012,9,17,612
2012,9,18,609
2012,9,19,597
2012,9,20,597
2012,9,21,605
2012,9,22,614
2012,9,23,609
2012,9,24,617
2012,9,25,629
2012,9,26,605
2012,9,27,603
2012,9,28,591
2012,9,29,594
2012,9,30,566
2012,10,1,-32767
2012,10,2,543
2012,10,3,530
2012,10,4,537
2012,10,5,549
2012,10,6,601
2012,10,7,642
2012,10,8,-32767
2012,10,9,-32767
2012,10,10,-32767
2012,10,11,582
2012,10,12,566
2012,10,13,567
2012,10,14,583
2012,10,15,580
2012,10,16,584
2012,10,17,613
2012,10,18,631
2012,10,19,649
2012,10,20,659
2012,10,21,665
2012,10,22,667
2012,10,23,695
2012,10,24,726
2012,10,25,750
2012,10,26,767
2012,10,27,765
2012,10,28,762
2012,10,29,761
2012,10,30,746
2012,10,31,735
2012,11,1,715
2012,11,2,648
2012,11,3,592
2012,11,4,614
2012,11,5,664
2012,11,6,670
2012,11,7,667
2012,11,8,705
2012,11,9,705
2012,11,10,669
2012,11,11,689
2012,11,12,672
2012,11,13,663
2012,11,14,668
2012,11,15,653
2012,11,16,-32767
2012,11,17,677
2012,11,18,643
2012,11,19,634
2012,11,20,700
2012,11,21,741
2012,11,22,737
2012,11,23,716
2012,11,24,698
2012,11,25,701
2012,11,26,702
2012,11,27,724
2012,11,28,739
2012,11,29,722
2012,11,30,696
2012,12,1,670
2012,12,2,651
2012,12,3,676
2012,12,4,702
2012,12,5,689
2012,12,6,659
2012,12,7,709
2012,12,8,749
2012,12,9,724
2012,12,10,715
2012,12,11,759
2012,12,12,796
2012,12,13,778
2012,12,14,728
2012,12,15,702
2012,12,16,710
2012,12,17,731
2012,12,18,716
2012,12,19,718
2012,12,20,755
2012,12,21,741
2012,12,22,721
2012,12,23,-32767
2012,12,24,-32767
2012,12,25,-32767
2012,12,26,720
2012,12,27,724
2012,12,28,725
2012,12,29,687
2012,12,30,668
2012,12,31,684
2013,1,1,695
2013,1,2,707
2013,1,3,744
2013,1,4,734
2013,1,5,673
2013,1,6,689
2013,1,7,748
2013,1,8,731
2013,1,9,677
2013,1,10,658
2013,1,11,697
2013,1,12,723
2013,1,13,688
2013,1,14,652
2013,1,15,675
2013,1,16,683
2013,1,17,-32767
2013,1,18,690
2013,1,19,676
2013,1,20,668
2013,1,21,685
2013,1,22,694
2013,1,23,679
2013,1,24,676
2013,1,25,675
2013,1,26,669
2013,1,27,693
2013,1,28,719
2013,1,29,730
2013,1,30,730
2013,1,31,743
2013,2,1,805
2013,2,2,822
2013,2,3,770
2013,2,4,712
2013,2,5,703
2013,2,6,667
2013,2,7,645
2013,2,8,672
2013,2,9,676
2013,2,10,694
2013,2,11,748
2013,2,12,799
2013,2,13,-32767
2013,2,14,826
2013,2,15,843
2013,2,16,819
2013,2,17,790
2013,2,18,777
2013,2,19,722
2013,2,20,683
2013,2,21,706
2013,2,22,720
2013,2,23,673
2013,2,24,645
2013,2,25,671
2013,2,26,709
2013,2,27,722
2013,2,28,770
2013,3,1,775
2013,3,2,757
2013,3,3,737
2013,3,4,731
2013,3,5,724
2013,3,6,739
2013,3,7,770
2013,3,8,752
2013,3,9,742
2013,3,10,741
2013,3,11,731
2013,3,12,716
2013,3,13,726
2013,3,14,717
2013,3,15,697
2013,3,16,700
2013,3,17,715
2013,3,18,738
2013,3,19,756
2013,3,20,774
2013,3,21,776
2013,3,22,761
2013,3,23,756
2013,3,24,770
2013,3,25,767
2013,3,26,761
2013,3,27,762
2013,3,28,739
2013,3,29,709
2013,3,30,655
2013,3,31,652
2013,4,1,636
2013,4,2,620
2013,4,3,639
2013,4,4,656
2013,4,5,662
2013,4,6,635
2013,4,7,627
2013,4,8,648
2013,4,9,657
2013,4,10,622
2013,4,11,582
2013,4,12,554
2013,4,13,541
2013,4,14,560
2013,4,15,550
2013,4,16,534
2013,4,17,541
2013,4,18,529
2013,4,19,541
2013,4,20,531
2013,4,21,523
2013,4,22,548
2013,4,23,580
2013,4,24,612
2013,4,25,630
2013,4,26,620
2013,4,27,624
2013,4,28,656
2013,4,29,661
2013,4,30,656
2013,5,1,684
2013,5,2,725
2013,5,3,715
2013,5,4,694
2013,5,5,671
2013,5,6,676
2013,5,7,655
2013,5,8,617
2013,5,9,628
2013,5,10,594
2013,5,11,555
2013,5,12,529
2013,5,13,507
2013,5,14,487
2013,5,15,473
2013,5,16,467
2013,5,17,461
2013,5,18,471
2013,5,19,508
2013,5,20,541
2013,5,21,564
2013,5,22,593
2013,5,23,604
2013,5,24,580
2013,5,25,533
2013,5,26,490
2013,5,27,525
2013,5,28,527
2013,5,29,498
2013,5,30,531
2013,5,31,572
2013,6,1,591
2013,6,2,596
2013,6,3,596
2013,6,4,602
2013,6,5,641
2013,6,6,616
2013,6,7,595
2013,6,8,625
2013,6,9,619
2013,6,10,663
2013,6,11,678
2013,6,12,-32767
2013,6,13,706
2013,6,14,711
2013,6,15,730
2013,6,16,751
2013,6,17,756
2013,6,18,746
2013,6,19,767
2013,6,20,754
2013,6,21,689
2013,6,22,636
2013,6,23,599
2013,6,24,599
2013,6,25,628
2013,6,26,663
2013,6,27,652
2013,6,28,609
2013,6,29,608
2013,6,30,605
2013,7,1,591
2013,7,2,595
2013,7,3,622
2013,7,4,626
2013,7,5,614
2013,7,6,627
2013,7,7,620
2013,7,8,609
2013,7,9,630
2013,7,10,619
2013,7,11,608
2013,7,12,631
2013,7,13,642
2013,7,14,638
2013,7,15,651
2013,7,16,684
2013,7,17,679
2013,7,18,673
2013,7,19,678
2013,7,20,684
2013,7,21,676
2013,7,22,662
2013,7,23,670
2013,7,24,664
2013,7,25,646
2013,7,26,636
2013,7,27,646
2013,7,28,626
2013,7,29,565
2013,7,30,531
2013,7,31,570
2013,8,1,611
2013,8,2,602
2013,8,3,578
2013,8,4,557
2013,8,5,544
2013,8,6,539
2013,8,7,546
2013,8,8,554
2013,8,9,525
2013,8,10,516
2013,8,11,534
2013,8,12,513
2013,8,13,507
2013,8,14,524
2013,8,15,518
2013,8,16,509
2013,8,17,519
2013,8,18,519
2013,8,19,495
2013,8,20,516
2013,8,21,547
2013,8,22,537
2013,8,23,524
2013,8,24,523
2013,8,25,532
2013,8,26,500
2013,8,27,470
2013,8,28,458
2013,8,29,447
2013,8,30,430
2013,8,31,443
2013,9,1,496
2013,9,2,555
2013,9,3,590
2013,9,4,611
2013,9,5,620
2013,9,6,590
2013,9,7,575
2013,9,8,561
2013,9,9,566
2013,9,10,549
2013,9,11,538
2013,9,12,579
2013,9,13,610
2013,9,14,633
2013,9,15,655
2013,9,16,698
2013,9,17,698
2013,9,18,642
2013,9,19,624
2013,9,20,633
2013,9,21,604
2013,9,22,576
2013,9,23,575
2013,9,24,568
2013,9,25,576
2013,9,26,556
2013,9,27,561
2013,9,28,570
2013,9,29,561
2013,9,30,562
2013,10,1,556
2013,10,2,561
2013,10,3,542
2013,10,4,530
2013,10,5,538
2013,10,6,518
2013,10,7,517
2013,10,8,533
2013,10,9,551
2013,10,10,571
2013,10,11,591
2013,10,12,609
2013,10,13,612
2013,10,14,574
2013,10,15,552
2013,10,16,586
2013,10,17,579
2013,10,18,571
2013,10,19,611
2013,10,20,657
2013,10,21,675
2013,10,22,671
2013,10,23,714
2013,10,24,686
2013,10,25,702
2013,10,26,708
2013,10,27,696
2013,10,28,689
2013,10,29,688
2013,10,30,693
2013,10,31,681
2013,11,1,695
2013,11,2,707
2013,11,3,700
2013,11,4,716
2013,11,5,724
2013,11,6,738
2013,11,7,719
2013,11,8,719
2013,11,9,783
2013,11,10,814
2013,11,11,782
2013,11,12,778
2013,11,13,799
2013,11,14,795
2013,11,15,783
2013,11,16,765
2013,11,17,741
2013,11,18,744
2013,11,19,745
2013,11,20,763
2013,11,21,792
2013,11,22,784
2013,11,23,766
2013,11,24,766
2013,11,25,805
2013,11,26,818
2013,11,27,807
2013,11,28,790
2013,11,29,793
2013,11,30,782
2013,12,1,792
2013,12,2,785
2013,12,3,779
2013,12,4,784
2013,12,5,795
2013,12,6,812
2013,12,7,805
2013,12,8,757
2013,12,9,722
2013,12,10,707
2013,12,11,736
2013,12,12,753
2013,12,13,766
2013,12,14,799
2013,12,15,767
2013,12,16,717
2013,12,17,713
2013,12,18,749
2013,12,19,741
2013,12,20,725
2013,12,21,722
2013,12,22,704
2013,12,23,717
2013,12,24,706
2013,12,25,678
2013,12,26,683
2013,12,27,666
2013,12,28,655
2013,12,29,648
2013,12,30,667
2013,12,31,699
2014,1,1,738
2014,1,2,777
2014,1,3,766
2014,1,4,744
2014,1,5,732
2014,1,6,752
2014,1,7,750
2014,1,8,736
2014,1,9,-32767
2014,1,10,-32767
2014,1,11,708
2014,1,12,693
2014,1,13,672
2014,1,14,672
2014,1,15,690
2014,1,16,692
2014,1,17,666
2014,1,18,666
2014,1,19,680
2014,1,20,689
2014,1,21,703
2014,1,22,697
2014,1,23,691
2014,1,24,707
2014,1,25,727
2014,1,26,738
2014,1,27,754
2014,1,28,744
2014,1,29,735
2014,1,30,717
2014,1,31,706
2014,2,1,733
2014,2,2,786
2014,2,3,791
2014,2,4,788
2014,2,5,773
2014,2,6,756
2014,2,7,754
2014,2,8,769
2014,2,9,737
2014,2,10,711
2014,2,11,737
2014,2,12,740
2014,2,13,685
2014,2,14,680
2014,2,15,702
2014,2,16,679
2014,2,17,714
2014,2,18,697
2014,2,19,651
2014,2,20,717
2014,2,21,693
2014,2,22,644
2014,2,23,665
2014,2,24,707
2014,2,25,730
2014,2,26,755
2014,2,27,782
2014,2,28,782
2014,3,1,753
2014,3,2,764
2014,3,3,771
2014,3,4,747
2014,3,5,735
2014,3,6,729
2014,3,7,-32767
2014,3,8,738
2014,3,9,750
2014,3,10,765
2014,3,11,797
2014,3,12,790
2014,3,13,780
2014,3,14,788
2014,3,15,780
2014,3,16,746
2014,3,17,734
2014,3,18,748
2014,3,19,755
2014,3,20,753
2014,3,21,743
2014,3,22,738
2014,3,23,738
2014,3,24,697
2014,3,25,684
2014,3,26,738
2014,3,27,784
2014,3,28,756
2014,3,29,734
2014,3,30,735
2014,3,31,756
2014,4,1,746
2014,4,2,696
2014,4,3,674
2014,4,4,670
2014,4,5,662
2014,4,6,679
2014,4,7,693
2014,4,8,702
2014,4,9,713
2014,4,10,694
2014,4,11,688
2014,4,12,702
2014,4,13,656
2014,4,14,591
2014,4,15,584
2014,4,16,628
2014,4,17,642
2014,4,18,616
2014,4,19,579
2014,4,20,582
2014,4,21,628
2014,4,22,640
2014,4,23,623
2014,4,24,600
2014,4,25,601
2014,4,26,599
2014,4,27,601
2014,4,28,606
2014,4,29,591
2014,4,30,579
2014,5,1,620
2014,5,2,646
2014,5,3,634
2014,5,4,606
2014,5,5,596
2014,5,6,630
2014,5,7,699
2014,5,8,740
2014,5,9,688
2014,5,10,685
2014,5,11,710
2014,5,12,688
2014,5,13,665
2014,5,14,651
2014,5,15,628
2014,5,16,611
2014,5,17,589
2014,5,18,599
2014,5,19,609
2014,5,20,612
2014,5,21,604
2014,5,22,612
2014,5,23,645
2014,5,24,646
2014,5,25,627
2014,5,26,615
2014,5,27,600
2014,5,28,620
2014,5,29,633
2014,5,30,591
2014,5,31,587
2014,6,1,608
2014,6,2,614
2014,6,3,587
2014,6,4,602
2014,6,5,661
2014,6,6,638
2014,6,7,606
2014,6,8,604
2014,6,9,609
2014,6,10,604
2014,6,11,627
2014,6,12,644
2014,6,13,623
2014,6,14,614
2014,6,15,589
2014,6,16,574
2014,6,17,582
2014,6,18,575
2014,6,19,584
2014,6,20,586
2014,6,21,581
2014,6,22,605
2014,6,23,585
2014,6,24,559
2014,6,25,537
2014,6,26,533
2014,6,27,543
2014,6,28,554
2014,6,29,564
2014,6,30,567
2014,7,1,-32767
2014,7,2,549
2014,7,3,549
2014,7,4,540
2014,7,5,481
2014,7,6,449
2014,7,7,456
2014,7,8,460
2014,7,9,478
2014,7,10,498
2014,7,11,514
2014,7,12,558
2014,7,13,567
2014,7,14,562
2014,7,15,570
2014,7,16,614
2014,7,17,654
2014,7,18,678
2014,7,19,677
2014,7,20,621
2014,7,21,584
2014,7,22,616
2014,7,23,663
2014,7,24,654
2014,7,25,625
2014,7,26,623
2014,7,27,643
2014,7,28,636
2014,7,29,588
2014,7,30,572
2014,7,31,630
2014,8,1,656
2014,8,2,661
2014,8,3,712
2014,8,4,734
2014,8,5,722
2014,8,6,711
2014,8,7,711
2014,8,8,698
2014,8,9,649
2014,8,10,647
2014,8,11,700
2014,8,12,700
2014,8,13,654
2014,8,14,653
2014,8,15,-32767
2014,8,16,630
2014,8,17,618
2014,8,18,614
2014,8,19,645
2014,8,20,640
2014,8,21,610
2014,8,22,614
2014,8,23,642
2014,8,24,643
2014,8,25,657
2014,8,26,701
2014,8,27,705
2014,8,28,700
2014,8,29,730
2014,8,30,756
2014,8,31,820
2014,9,1,781
2014,9,2,711
2014,9,3,691
2014,9,4,648
2014,9,5,635
2014,9,6,663
2014,9,7,653
2014,9,8,598
2014,9,9,577
2014,9,10,570
2014,9,11,548
2014,9,12,511
2014,9,13,497
2014,9,14,517
2014,9,15,-32767
2014,9,16,532
2014,9,17,524
2014,9,18,547
2014,9,19,626
2014,9,20,644
2014,9,21,623
2014,9,22,614
2014,9,23,628
2014,9,24,635
2014,9,25,652
2014,9,26,668
2014,9,27,713
2014,9,28,753
2014,9,29,788
2014,9,30,836
2014,10,1,849
2014,10,2,829
2014,10,3,834
2014,10,4,831
2014,10,5,807
2014,10,6,784
2014,10,7,-32767
2014,10,8,-32767
2014,10,9,-32767
2014,10,10,-32767
2014,10,11,-32767
2014,10,12,726
2014,10,13,727
2014,10,14,-32767
2014,10,15,704
2014,10,16,727
2014,10,17,743
2014,10,18,751
2014,10,19,777
2014,10,20,802
2014,10,21,833
2014,10,22,846
2014,10,23,859
2014,10,24,886
2014,10,25,874
2014,10,26,841
2014,10,27,825
2014,10,28,807
2014,10,29,826
2014,10,30,875
2014,10,31,922
2014,11,1,901
2014,11,2,890
2014,11,3,885
2014,11,4,873
2014,11,5,860
2014,11,6,838
2014,11,7,789
2014,11,8,787
2014,11,9,788
2014,11,10,786
2014,11,11,826
2014,11,12,869
2014,11,13,895
2014,11,14,892
2014,11,15,888
2014,11,16,893
2014,11,17,909
2014,11,18,904
2014,11,19,906
2014,11,20,927
2014,11,21,920
2014,11,22,893
2014,11,23,881
2014,11,24,858
2014,11,25,831
2014,11,26,862
2014,11,27,915
2014,11,28,876
2014,11,29,816
2014,11,30,801
2014,12,1,817
2014,12,2,831
2014,12,3,824
2014,12,4,786
2014,12,5,802
2014,12,6,819
2014,12,7,-32767
2014,12,8,760
2014,12,9,751
2014,12,10,771
2014,12,11,794
2014,12,12,789
2014,12,13,787
2014,12,14,-32767
2014,12,15,-32767
2014,12,16,-32767
2014,12,17,-32767
2014,12,18,911
2014,12,19,909
2014,12,20,894
2014,12,21,897
2014,12,22,921
2014,12,23,922
2014,12,24,902
2014,12,25,884
2014,12,26,865
2014,12,27,857
2014,12,28,891
2014,12,29,874
2014,12,30,808
2014,12,31,780
2015,1,1,803
2015,1,2,832
2015,1,3,772
2015,1,4,749
2015,1,5,828
2015,1,6,849
2015,1,7,815
2015,1,8,807
2015,1,9,821
2015,1,10,846
2015,1,11,872
2015,1,12,895
2015,1,13,903
2015,1,14,887
2015,1,15,877
2015,1,16,913
2015,1,17,-32767
2015,1,18,909
2015,1,19,926
2015,1,20,935
2015,1,21,928
2015,1,22,925
2015,1,23,934
2015,1,24,948
2015,1,25,942
2015,1,26,970
2015,1,27,-32767
2015,1,28,-32767
2015,1,29,966
2015,1,30,943
2015,1,31,953
2015,2,1,926
2015,2,2,904
2015,2,3,857
2015,2,4,845
2015,2,5,857
2015,2,6,870
2015,2,7,867
2015,2,8,868
2015,2,9,878
2015,2,10,888
2015,2,11,865
2015,2,12,885
2015,2,13,884
2015,2,14,868
2015,2,15,852
2015,2,16,855
2015,2,17,867
2015,2,18,880
2015,2,19,885
2015,2,20,904
2015,2,21,909
2015,2,22,921
2015,2,23,-32767
2015,2,24,852
2015,2,25,836
2015,2,26,882
2015,2,27,877
2015,2,28,837
2015,3,1,854
2015,3,2,870
2015,3,3,832
2015,3,4,786
2015,3,5,810
2015,3,6,832
2015,3,7,798
2015,3,8,802
2015,3,9,827
2015,3,10,832
2015,3,11,811
2015,3,12,830
2015,3,13,868
2015,3,14,866
2015,3,15,876
2015,3,16,867
2015,3,17,903
2015,3,18,907
2015,3,19,869
2015,3,20,864
2015,3,21,870
2015,3,22,872
2015,3,23,849
2015,3,24,804
2015,3,25,797
2015,3,26,832
2015,3,27,847
2015,3,28,844
2015,3,29,855
2015,3,30,869
2015,3,31,897
2015,4,1,917
2015,4,2,896
2015,4,3,875
2015,4,4,855
2015,4,5,848
2015,4,6,853
2015,4,7,834
2015,4,8,829
2015,4,9,824
2015,4,10,818
2015,4,11,837
2015,4,12,849
2015,4,13,820
2015,4,14,817
2015,4,15,857
2015,4,16,862
2015,4,17,838
2015,4,18,833
2015,4,19,829
2015,4,20,833
2015,4,21,844
2015,4,22,820
2015,4,23,827
2015,4,24,860
2015,4,25,869
2015,4,26,869
2015,4,27,876
2015,4,28,899
2015,4,29,880
2015,4,30,850
2015,5,1,834
2015,5,2,804
2015,5,3,805
2015,5,4,791
2015,5,5,770
2015,5,6,775
2015,5,7,769
2015,5,8,774
2015,5,9,782
2015,5,10,774
2015,5,11,784
2015,5,12,835
2015,5,13,860
2015,5,14,826
2015,5,15,797
2015,5,16,796
2015,5,17,789
2015,5,18,751
2015,5,19,729
2015,5,20,741
2015,5,21,716
2015,5,22,707
2015,5,23,704
2015,5,24,680
2015,5,25,675
2015,5,26,651
2015,5,27,610
2015,5,28,-32767
2015,5,29,-32767
2015,5,30,-32767
2015,5,31,-32767
2015,6,1,-32767
2015,6,2,-32767
2015,6,3,-32767
2015,6,4,-32767
2015,6,5,642
2015,6,6,674
2015,6,7,728
2015,6,8,759
2015,6,9,747
2015,6,10,731
2015,6,11,751
2015,6,12,769
2015,6,13,758
2015,6,14,744
2015,6,15,746
2015,6,16,705
2015,6,17,691
2015,6,18,692
2015,6,19,741
2015,6,20,789
2015,6,21,789
2015,6,22,789
2015,6,23,811
2015,6,24,-32767
2015,6,25,-32767
2015,6,26,-32767
2015,6,27,-32767
2015,6,28,-32767
2015,6,29,-32767
2015,6,30,-32767
2015,7,1,-32767
2015,7,2,-32767
2015,7,3,-32767
2015,7,4,638
2015,7,5,632
2015,7,6,609
2015,7,7,615
2015,7,8,635
2015,7,9,656
2015,7,10,684
2015,7,11,676
2015,7,12,651
2015,7,13,637
2015,7,14,636
2015,7,15,616
2015,7,16,606
2015,7,17,655
2015,7,18,662
2015,7,19,637
2015,7,20,662
2015,7,21,683
2015,7,22,654
2015,7,23,664
2015,7,24,670
2015,7,25,667
2015,7,26,649
2015,7,27,594
2015,7,28,590
2015,7,29,621
2015,7,30,629
2015,7,31,615
2015,8,1,572
2015,8,2,576
2015,8,3,632
2015,8,4,658
2015,8,5,647
2015,8,6,620
2015,8,7,620
2015,8,8,633
2015,8,9,659
2015,8,10,662
2015,8,11,633
2015,8,12,625
2015,8,13,639
2015,8,14,639
2015,8,15,631
2015,8,16,626
2015,8,17,601
2015,8,18,632
2015,8,19,685
2015,8,20,704
2015,8,21,734
2015,8,22,759
2015,8,23,762
2015,8,24,766
2015,8,25,722
2015,8,26,693
2015,8,27,682
2015,8,28,650
2015,8,29,648
2015,8,30,628
2015,8,31,594
2015,9,1,587
2015,9,2,608
2015,9,3,637
2015,9,4,638
2015,9,5,651
2015,9,6,702
2015,9,7,727
2015,9,8,744
2015,9,9,779
2015,9,10,791
2015,9,11,771
2015,9,12,764
2015,9,13,772
2015,9,14,768
2015,9,15,733
2015,9,16,714
2015,9,17,720
2015,9,18,712
2015,9,19,714
2015,9,20,708
2015,9,21,687
2015,9,22,709
2015,9,23,750
2015,9,24,749
2015,9,25,732
2015,9,26,747
2015,9,27,768
2015,9,28,788
2015,9,29,807
2015,9,30,800
2015,10,1,805
2015,10,2,807
2015,10,3,812
2015,10,4,820
2015,10,5,841
2015,10,6,839
2015,10,7,846
2015,10,8,881
2015,10,9,871
2015,10,10,797
2015,10,11,769
2015,10,12,780
2015,10,13,802
2015,10,14,845
2015,10,15,837
2015,10,16,835
2015,10,17,854
2015,10,18,872
2015,10,19,887
2015,10,20,883
2015,10,21,903
2015,10,22,916
2015,10,23,905
2015,10,24,899
2015,10,25,893
2015,10,26,879
2015,10,27,831
2015,10,28,783
2015,10,29,770
2015,10,30,777
2015,10,31,764
2015,11,1,812
2015,11,2,900
2015,11,3,916
2015,11,4,902
2015,11,5,897
2015,11,6,887
2015,11,7,883
2015,11,8,893
2015,11,9,869
2015,11,10,835
2015,11,11,803
2015,11,12,784
2015,11,13,779
2015,11,14,752
2015,11,15,741
2015,11,16,750
2015,11,17,737
2015,11,18,736
2015,11,19,788
2015,11,20,835
2015,11,21,822
2015,11,22,789
2015,11,23,-32767
2015,11,24,-32767
2015,11,25,814
2015,11,26,838
2015,11,27,845
2015,11,28,816
2015,11,29,817
2015,11,30,809
2015,12,1,802
2015,12,2,796
2015,12,3,818
2015,12,4,837
2015,12,5,810
2015,12,6,821
2015,12,7,844
2015,12,8,805
2015,12,9,773
2015,12,10,785
2015,12,11,799
2015,12,12,768
2015,12,13,745
2015,12,14,-32767
2015,12,15,-32767
2015,12,16,840
2015,12,17,820
2015,12,18,801
2015,12,19,-32767
2015,12,20,774
2015,12,21,771
2015,12,22,806
2015,12,23,805
2015,12,24,750
2015,12,25,731
2015,12,26,755
2015,12,27,779
2015,12,28,774
2015,12,29,779
2015,12,30,799
2015,12,31,809
2016,1,1,807
2016,1,2,838
2016,1,3,857
2016,1,4,840
2016,1,5,825
2016,1,6,823
2016,1,7,798
2016,1,8,-32767
2016,1,9,761
2016,1,10,769
2016,1,11,796
2016,1,12,807
2016,1,13,-32767
2016,1,14,-32767
2016,1,15,846
2016,1,16,825
2016,1,17,844
2016,1,18,842
2016,1,19,819
2016,1,20,821
2016,1,21,813
2016,1,22,817
2016,1,23,825
2016,1,24,821
2016,1,25,792
2016,1,26,777
2016,1,27,814
2016,1,28,818
2016,1,29,804
2016,1,30,797
2016,1,31,848
2016,2,1,855
2016,2,2,810
2016,2,3,799
2016,2,4,819
2016,2,5,817
2016,2,6,817
2016,2,7,795
2016,2,8,759
2016,2,9,751
2016,2,10,757
2016,2,11,763
2016,2,12,743
2016,2,13,727
2016,2,14,751
2016,2,15,768
2016,2,16,768
2016,2,17,787
2016,2,18,819
2016,2,19,816
2016,2,20,809
2016,2,21,814
2016,2,22,831
2016,2,23,844
2016,2,24,862
2016,2,25,832
2016,2,26,777
2016,2,27,787
2016,2,28,819
2016,2,29,822
2016,3,1,801
2016,3,2,825
2016,3,3,861
2016,3,4,874
2016,3,5,891
2016,3,6,884
2016,3,7,886
2016,3,8,882
2016,3,9,864
2016,3,10,839
2016,3,11,822
2016,3,12,814
2016,3,13,823
2016,3,14,806
2016,3,15,802
2016,3,16,798
2016,3,17,792
2016,3,18,784
2016,3,19,782
2016,3,20,795
2016,3,21,773
2016,3,22,770
2016,3,23,778
2016,3,24,756
2016,3,25,764
2016,3,26,775
2016,3,27,756
2016,3,28,755
2016,3,29,770
2016,3,30,792
2016,3,31,825
2016,4,1,859
2016,4,2,884
2016,4,3,883
2016,4,4,853
2016,4,5,852
2016,4,6,852
2016,4,7,826
2016,4,8,823
2016,4,9,847
2016,4,10,852
2016,4,11,-32767
2016,4,12,830
2016,4,13,847
2016,4,14,847
2016,4,15,845
2016,4,16,828
2016,4,17,813
2016,4,18,817
2016,4,19,811
2016,4,20,799
2016,4,21,789
2016,4,22,778
2016,4,23,750
2016,4,24,728
2016,4,25,722
2016,4,26,712
2016,4,27,716
2016,4,28,742
2016,4,29,766
2016,4,30,779
2016,5,1,794
2016,5,2,806
2016,5,3,785
2016,5,4,752
2016,5,5,766
2016,5,6,790
2016,5,7,792
2016,5,8,799
2016,5,9,822
2016,5,10,818
2016,5,11,814
2016,5,12,817
2016,5,13,825
2016,5,14,809
2016,5,15,833
2016,5,16,879
2016,5,17,857
2016,5,18,794
2016,5,19,762
2016,5,20,753
2016,5,21,713
2016,5,22,662
2016,5,23,665
2016,5,24,691
2016,5,25,697
2016,5,26,708
2016,5,27,708
2016,5,28,716
2016,5,29,710
2016,5,30,708
2016,5,31,706
2016,6,1,699
2016,6,2,698
2016,6,3,711
2016,6,4,713
2016,6,5,713
2016,6,6,735
2016,6,7,787
2016,6,8,830
2016,6,9,825
2016,6,10,854
2016,6,11,904
2016,6,12,890
2016,6,13,870
2016,6,14,852
2016,6,15,830
2016,6,16,831
2016,6,17,813
2016,6,18,766
2016,6,19,727
2016,6,20,708
2016,6,21,712
2016,6,22,701
2016,6,23,676
2016,6,24,686
2016,6,25,721
2016,6,26,774
2016,6,27,807
2016,6,28,808
2016,6,29,806
2016,6,30,825
2016,7,1,820
2016,7,2,796
2016,7,3,770
2016,7,4,752
2016,7,5,714
2016,7,6,707
2016,7,7,696
2016,7,8,693
2016,7,9,735
2016,7,10,792
2016,7,11,828
2016,7,12,817
2016,7,13,765
2016,7,14,743
2016,7,15,739
2016,7,16,722
2016,7,17,717
2016,7,18,724
2016,7,19,714
2016,7,20,704
2016,7,21,707
2016,7,22,704
2016,7,23,707
2016,7,24,703
2016,7,25,674
2016,7,26,684
2016,7,27,704
2016,7,28,691
2016,7,29,667
2016,7,30,671
2016,7,31,689
2016,8,1,703
2016,8,2,703
2016,8,3,705
2016,8,4,690
2016,8,5,645
2016,8,6,657
2016,8,7,670
2016,8,8,662
2016,8,9,631
2016,8,10,609
2016,8,11,593
2016,8,12,586
2016,8,13,600
2016,8,14,611
2016,8,15,629
2016,8,16,630
2016,8,17,615
2016,8,18,609
2016,8,19,587
2016,8,20,571
2016,8,21,575
2016,8,22,590
2016,8,23,599
2016,8,24,622
2016,8,25,633
2016,8,26,637
2016,8,27,652
2016,8,28,642
2016,8,29,623
2016,8,30,608
2016,8,31,599
2016,9,1,582
2016,9,2,568
2016,9,3,586
2016,9,4,581
2016,9,5,567
2016,9,6,-32767
2016,9,7,-32767
2016,9,8,-32767
2016,9,9,615
2016,9,10,601
2016,9,11,591
2016,9,12,608
2016,9,13,619
2016,9,14,606
2016,9,15,594
2016,9,16,589
2016,9,17,618
2016,9,18,637
2016,9,19,628
2016,9,20,629
2016,9,21,635
2016,9,22,627
2016,9,23,629
2016,9,24,640
2016,9,25,633
2016,9,26,607
2016,9,27,613
2016,9,28,627
2016,9,29,641
2016,9,30,651
2016,10,1,640
2016,10,2,629
2016,10,3,632
2016,10,4,626
2016,10,5,613
2016,10,6,599
2016,10,7,609
2016,10,8,619
2016,10,9,-32767
2016,10,10,-32767
2016,10,11,638
2016,10,12,642
2016,10,13,640
2016,10,14,678
2016,10,15,680
2016,10,16,685
2016,10,17,699
2016,10,18,711
2016,10,19,708
2016,10,20,711
2016,10,21,-32767
2016,10,22,-32767
2016,10,23,-32767
2016,10,24,733
2016,10,25,727
2016,10,26,718
2016,10,27,723
2016,10,28,707
2016,10,29,702
2016,10,30,696
2016,10,31,694
2016,11,1,707
2016,11,2,715
2016,11,3,713
2016,11,4,729
2016,11,5,769
2016,11,6,749
2016,11,7,729
2016,11,8,753
2016,11,9,800
2016,11,10,815
2016,11,11,810
2016,11,12,810
2016,11,13,-32767
2016,11,14,819
2016,11,15,834
2016,11,16,844
2016,11,17,856
2016,11,18,845
2016,11,19,-32767
2016,11,20,-32767
2016,11,21,-32767
2016,11,22,835
2016,11,23,859
2016,11,24,885
2016,11,25,893
2016,11,26,850
2016,11,27,806
2016,11,28,790
2016,11,29,779
2016,11,30,749
2016,12,1,728
2016,12,2,748
2016,12,3,-32767
2016,12,4,738
2016,12,5,786
2016,12,6,812
2016,12,7,820
2016,12,8,839
2016,12,9,822
2016,12,10,799
2016,12,11,804
2016,12,12,816
2016,12,13,800
2016,12,14,761
2016,12,15,764
2016,12,16,786
2016,12,17,774
2016,12,18,759
2016,12,19,813
2016,12,20,878
2016,12,21,883
2016,12,22,899
2016,12,23,880
2016,12,24,857
2016,12,25,866
2016,12,26,845
2016,12,27,831
2016,12,28,825
2016,12,29,826
2016,12,30,835
2016,12,31,832
2017,1,1,832
2017,1,2,-32767
2017,1,3,-32767
2017,1,4,-32767
2017,1,5,-32767
2017,1,6,-32767
2017,1,7,-32767
2017,1,8,-32767
2017,1,9,-32767
2017,1,10,-32767
2017,1,11,-32767
2017,1,12,-32767
2017,1,13,-32767
2017,1,14,-32767
2017,1,15,-32767
2017,1,16,-32767
2017,1,17,-32767
2017,1,18,-32767
2017,1,19,815
2017,1,20,806
2017,1,21,794
2017,1,22,782
2017,1,23,810
2017,1,24,812
2017,1,25,817
2017,1,26,821
2017,1,27,803
2017,1,28,810
2017,1,29,852
2017,1,30,896
2017,1,31,892
2017,2,1,850
2017,2,2,800
2017,2,3,819
2017,2,4,837
2017,2,5,814
2017,2,6,795
2017,2,7,767
2017,2,8,750
2017,2,9,764
2017,2,10,763
2017,2,11,746
2017,2,12,731
2017,2,13,715
2017,2,14,726
2017,2,15,753
2017,2,16,757
2017,2,17,787
2017,2,18,839
2017,2,19,835
2017,2,20,802
2017,2,21,781
2017,2,22,781
2017,2,23,783
2017,2,24,795
2017,2,25,-32767
2017,2,26,754
2017,2,27,761
2017,2,28,809
2017,3,1,832
2017,3,2,-32767
2017,3,3,858
2017,3,4,846
2017,3,5,852
2017,3,6,858
2017,3,7,824
2017,3,8,796
2017,3,9,812
2017,3,10,824
2017,3,11,772
2017,3,12,699
2017,3,13,669
2017,3,14,705
2017,3,15,727
2017,3,16,742
2017,3,17,760
2017,3,18,750
2017,3,19,754
2017,3,20,787
2017,3,21,784
2017,3,22,734
2017,3,23,742
2017,3,24,794
2017,3,25,796
2017,3,26,791
2017,3,27,792
2017,3,28,789
2017,3,29,780
2017,3,30,785
2017,3,31,765
2017,4,1,766
2017,4,2,781
2017,4,3,755
2017,4,4,733
2017,4,5,750
2017,4,6,754
2017,4,7,704
2017,4,8,679
2017,4,9,698
2017,4,10,709
2017,4,11,-32767
2017,4,12,656
2017,4,13,660
2017,4,14,674
2017,4,15,689
2017,4,16,689
2017,4,17,659
2017,4,18,658
2017,4,19,690
2017,4,20,682
2017,4,21,658
2017,4,22,642
2017,4,23,635
2017,4,24,599
2017,4,25,573
2017,4,26,580
2017,4,27,591
2017,4,28,608
2017,4,29,610
2017,4,30,621
2017,5,1,618
2017,5,2,618
2017,5,3,-32767
2017,5,4,697
2017,5,5,710
2017,5,6,729
2017,5,7,757
2017,5,8,761
2017,5,9,746
2017,5,10,728
2017,5,11,701
2017,5,12,716
2017,5,13,732
2017,5,14,717
2017,5,15,735
2017,5,16,727
2017,5,17,706
2017,5,18,704
2017,5,19,707
2017,5,20,668
2017,5,21,642
2017,5,22,609
2017,5,23,595
2017,5,24,597
2017,5,25,610
2017,5,26,619
2017,5,27,605
2017,5,28,602
2017,5,29,619
2017,5,30,617
2017,5,31,591
2017,6,1,578
2017,6,2,583
2017,6,3,607
2017,6,4,618
2017,6,5,619
2017,6,6,616
2017,6,7,605
2017,6,8,629
2017,6,9,628
2017,6,10,-32767
2017,6,11,628
2017,6,12,642
2017,6,13,687
2017,6,14,716
2017,6,15,706
2017,6,16,680
2017,6,17,712
2017,6,18,749
2017,6,19,734
2017,6,20,719
2017,6,21,703
2017,6,22,701
2017,6,23,703
2017,6,24,684
2017,6,25,688
2017,6,26,750
2017,6,27,781
2017,6,28,789
2017,6,29,778
2017,6,30,760
2017,7,1,-32767
2017,7,2,738
2017,7,3,729
2017,7,4,716
2017,7,5,694
2017,7,6,653
2017,7,7,617
2017,7,8,620
2017,7,9,619
2017,7,10,597
2017,7,11,585
2017,7,12,572
2017,7,13,589
2017,7,14,611
2017,7,15,607
2017,7,16,590
2017,7,17,-32767
2017,7,18,603
2017,7,19,618
2017,7,20,643
2017,7,21,630
2017,7,22,603
2017,7,23,587
2017,7,24,559
2017,7,25,546
2017,7,26,559
2017,7,27,557
2017,7,28,550
2017,7,29,-32767
2017,7,30,569
2017,7,31,594
2017,8,1,625
2017,8,2,604
2017,8,3,597
2017,8,4,608
2017,8,5,604
2017,8,6,632
2017,8,7,641
2017,8,8,630
2017,8,9,648
2017,8,10,660
2017,8,11,624
2017,8,12,561
2017,8,13,566
2017,8,14,605
2017,8,15,617
2017,8,16,645
2017,8,17,673
2017,8,18,688
2017,8,19,705
2017,8,20,674
2017,8,21,628
2017,8,22,606
2017,8,23,628
2017,8,24,633
2017,8,25,628
2017,8,26,641
2017,8,27,667
2017,8,28,686
2017,8,29,690
2017,8,30,708
2017,8,31,701
2017,9,1,711
2017,9,2,739
2017,9,3,732
2017,9,4,690
2017,9,5,692
2017,9,6,735
2017,9,7,733
2017,9,8,742
2017,9,9,740
2017,9,10,737
2017,9,11,764
2017,9,12,765
2017,9,13,755
2017,9,14,753
2017,9,15,756
2017,9,16,808
2017,9,17,860
2017,9,18,819
2017,9,19,758
2017,9,20,746
2017,9,21,725
2017,9,22,685
2017,9,23,671
2017,9,24,651
2017,9,25,651
2017,9,26,694
2017,9,27,723
2017,9,28,718
2017,9,29,685
2017,9,30,691
2017,10,1,750
2017,10,2,-32767
2017,10,3,-32767
2017,10,4,733
2017,10,5,737
2017,10,6,751
2017,10,7,742
2017,10,8,734
2017,10,9,706
2017,10,10,683
2017,10,11,749
2017,10,12,815
2017,10,13,818
2017,10,14,796
2017,10,15,806
2017,10,16,799
2017,10,17,754
2017,10,18,715
2017,10,19,714
2017,10,20,707
2017,10,21,699
2017,10,22,708
2017,10,23,711
2017,10,24,-32767
2017,10,25,710
2017,10,26,737
2017,10,27,764
2017,10,28,796
2017,10,29,809
2017,10,30,835
2017,10,31,867
2017,11,1,861
2017,11,2,885
2017,11,3,910
2017,11,4,881
2017,11,5,874
2017,11,6,852
2017,11,7,833
2017,11,8,861
2017,11,9,914
2017,11,10,941
2017,11,11,944
2017,11,12,936
2017,11,13,920
2017,11,14,893
2017,11,15,833
2017,11,16,783
2017,11,17,769
2017,11,18,777
2017,11,19,789
2017,11,20,792
2017,11,21,790
2017,11,22,800
2017,11,23,824
2017,11,24,835
2017,11,25,855
2017,11,26,870
2017,11,27,845
2017,11,28,822
2017,11,29,-32767
2017,11,30,-32767
2017,12,1,-32767
2017,12,2,-32767
2017,12,3,-32767
2017,12,4,756
2017,12,5,741
2017,12,6,673
2017,12,7,666
2017,12,8,735
2017,12,9,786
2017,12,10,815
2017,12,11,841
2017,12,12,854
2017,12,13,840
2017,12,14,808
2017,12,15,784
2017,12,16,787
2017,12,17,788
2017,12,18,789
2017,12,19,797
2017,12,20,787
2017,12,21,766
2017,12,22,782
2017,12,23,809
2017,12,24,835
2017,12,25,834
2017,12,26,816
2017,12,27,840
2017,12,28,871
2017,12,29,864
2017,12,30,814
2017,12,31,751
2018,1,1,760
2018,1,2,774
2018,1,3,751
2018,1,4,744
2018,1,5,754
2018,1,6,773
2018,1,7,791
2018,1,8,806
2018,1,9,819
2018,1,10,815
2018,1,11,822
2018,1,12,800
2018,1,13,783
2018,1,14,824
2018,1,15,865
2018,1,16,850
2018,1,17,834
2018,1,18,823
2018,1,19,803
2018,1,20,814
2018,1,21,826
2018,1,22,832
2018,1,23,836
2018,1,24,859
2018,1,25,888
2018,1,26,872
2018,1,27,850
2018,1,28,845
2018,1,29,826
2018,1,30,794
2018,1,31,766
2018,2,1,799
2018,2,2,832
2018,2,3,806
2018,2,4,796
2018,2,5,836
2018,2,6,855
2018,2,7,853
2018,2,8,860
2018,2,9,834
2018,2,10,790
2018,2,11,770
2018,2,12,748
2018,2,13,700
2018,2,14,670
2018,2,15,720
2018,2,16,759
2018,2,17,763
2018,2,18,752
2018,2,19,764
2018,2,20,778
2018,2,21,797
2018,2,22,789
2018,2,23,760
2018,2,24,754
2018,2,25,752
2018,2,26,759
2018,2,27,773
2018,2,28,780
2018,3,1,748
2018,3,2,779
2018,3,3,773
2018,3,4,723
2018,3,5,688
2018,3,6,710
2018,3,7,743
2018,3,8,750
2018,3,9,739
2018,3,10,756
2018,3,11,795
2018,3,12,849
2018,3,13,854
2018,3,14,833
2018,3,15,833
2018,3,16,814
2018,3,17,810
2018,3,18,794
2018,3,19,750
2018,3,20,768
2018,3,21,809
2018,3,22,776
2018,3,23,799
2018,3,24,794
2018,3,25,828
2018,3,26,901
2018,3,27,921
2018,3,28,897
2018,3,29,862
2018,3,30,849
2018,3,31,835
2018,4,1,833
2018,4,2,835
2018,4,3,826
2018,4,4,833
2018,4,5,860
2018,4,6,889
2018,4,7,908
2018,4,8,896
2018,4,9,927
2018,4,10,1012
2018,4,11,1001
2018,4,12,981
2018,4,13,-32767
2018,4,14,1019
2018,4,15,1009
2018,4,16,973
2018,4,17,1005
2018,4,18,1014
2018,4,19,993
2018,4,20,988
2018,4,21,993
2018,4,22,988
2018,4,23,978
2018,4,24,957
2018,4,25,942
2018,4,26,919
2018,4,27,922
2018,4,28,939
2018,4,29,939
2018,4,30,895
2018,5,1,860
2018,5,2,867
2018,5,3,818
2018,5,4,795
2018,5,5,832
2018,5,6,871
2018,5,7,-32767
2018,5,8,-32767
2018,5,9,-32767
2018,5,10,911
2018,5,11,957
2018,5,12,992
2018,5,13,986
2018,5,14,-32767
2018,5,15,972
2018,5,16,967
2018,5,17,1009
2018,5,18,1002
2018,5,19,981
2018,5,20,974
2018,5,21,949
2018,5,22,921
2018,5,23,945
2018,5,24,958
2018,5,25,948
2018,5,26,908
2018,5,27,917
2018,5,28,970
2018,5,29,890
2018,5,30,868
2018,5,31,873
2018,6,1,866
2018,6,2,885
2018,6,3,877
2018,6,4,858
2018,6,5,863
2018,6,6,861
2018,6,7,855
2018,6,8,853
2018,6,9,880
2018,6,10,905
2018,6,11,939
2018,6,12,947
2018,6,13,940
2018,6,14,-32767
2018,6,15,884
2018,6,16,901
2018,6,17,873
2018,6,18,852
2018,6,19,890
2018,6,20,938
2018,6,21,960
2018,6,22,928
2018,6,23,894
2018,6,24,862
2018,6,25,848
2018,6,26,853
2018,6,27,829
2018,6,28,811
2018,6,29,823
2018,6,30,840
2018,7,1,813
2018,7,2,786
2018,7,3,798
2018,7,4,807
2018,7,5,804
2018,7,6,801
2018,7,7,816
2018,7,8,833
2018,7,9,846
2018,7,10,870
2018,7,11,845
2018,7,12,822
2018,7,13,824
2018,7,14,858
2018,7,15,873
2018,7,16,-32767
2018,7,17,-32767
2018,7,18,-32767
2018,7,19,-32767
2018,7,20,-32767
2018,7,21,-32767
2018,7,22,-32767
2018,7,23,848
2018,7,24,870
2018,7,25,895
2018,7,26,872
2018,7,27,855
2018,7,28,859
2018,7,29,845
2018,7,30,821
2018,7,31,830
2018,8,1,873
2018,8,2,881
2018,8,3,867
2018,8,4,855
2018,8,5,802
2018,8,6,781
2018,8,7,803
2018,8,8,809
2018,8,9,803
2018,8,10,788
2018,8,11,791
2018,8,12,797
2018,8,13,822
2018,8,14,886
2018,8,15,932
2018,8,16,923
2018,8,17,940
2018,8,18,950
2018,8,19,950
2018,8,20,924
2018,8,21,903
2018,8,22,919
2018,8,23,873
2018,8,24,837
2018,8,25,845
2018,8,26,869
2018,8,27,867
2018,8,28,864
2018,8,29,855
2018,8,30,858
2018,8,31,857
2018,9,1,862
2018,9,2,853
2018,9,3,855
2018,9,4,832
2018,9,5,821
2018,9,6,822
2018,9,7,807
2018,9,8,839
2018,9,9,840
2018,9,10,831
2018,9,11,833
2018,9,12,819
2018,9,13,762
2018,9,14,768
2018,9,15,820
2018,9,16,860
2018,9,17,899
2018,9,18,902
2018,9,19,891
2018,9,20,885
2018,9,21,900
2018,9,22,868
2018,9,23,826
2018,9,24,830
2018,9,25,859
2018,9,26,870
2018,9,27,894
2018,9,28,915
2018,9,29,896
2018,9,30,925
2018,10,1,912
2018,10,2,902
2018,10,3,981
2018,10,4,1006
2018,10,5,1026
2018,10,6,1037
2018,10,7,1029
2018,10,8,983
2018,10,9,-32767
2018,10,10,-32767
2018,10,11,-32767
2018,10,12,832
2018,10,13,-32767
2018,10,14,-32767
2018,10,15,-32767
2018,10,16,-32767
2018,10,17,-32767
2018,10,18,-32767
2018,10,19,-32767
2018,10,20,-32767
2018,10,21,-32767
2018,10,22,-32767
2018,10,23,-32767
2018,10,24,-32767
2018,10,25,-32767
2018,10,26,-32767
2018,10,27,-32767
2018,10,28,-32767
2018,10,29,-32767
2018,10,30,-32767
2018,10,31,-32767
2018,11,1,-32767
2018,11,2,-32767
2018,11,3,-32767
2018,11,4,-32767
2018,11,5,-32767
2018,11,6,-32767
2018,11,7,-32767
2018,11,8,-32767
2018,11,9,-32767
2018,11,10,-32767
2018,11,11,-32767
2018,11,12,-32767
2018,11,13,-32767
2018,11,14,-32767
2018,11,15,-32767
2018,11,16,-32767
2018,11,17,-32767
2018,11,18,-32767
2018,11,19,-32767
2018,11,20,-32767
2018,11,21,-32767
2018,11,22,-32767
2018,11,23,-32767
2018,11,24,-32767
2018,11,25,-32767
2018,11,26,-32767
2018,11,27,-32767
2018,11,28,-32767
2018,11,29,-32767
2018,11,30,-32767
2018,12,1,-32767
2018,12,2,-32767
2018,12,3,-32767
2018,12,4,-32767
2018,12,5,-32767
2018,12,6,-32767
2018,12,7,-32767
2018,12,8,-32767
2018,12,9,-32767
2018,12,10,-32767
2018,12,11,-32767
2018,12,12,-32767
2018,12,13,-32767
2018,12,14,-32767
2018,12,15,-32767
2018,12,16,-32767
2018,12,17,-32767
2018,12,18,-32767
2018,12,19,-32767
2018,12,20,-32767
2018,12,21,911
2018,12,22,909
2018,12,23,898
2018,12,24,886
2018,12,25,878
2018,12,26,891
2018,12,27,870
2018,12,28,845
2018,12,29,902
2018,12,30,949
2018,12,31,786
2019,1,1,653
2019,1,2,698
2019,1,3,646
2019,1,4,515
2019,1,5,471
2019,1,6,538
2019,1,7,580
2019,1,8,624
2019,1,9,647
2019,1,10,654
2019,1,11,658
2019,1,12,672
2019,1,13,651
2019,1,14,657
2019,1,15,678
2019,1,16,683
2019,1,17,671
2019,1,18,664
2019,1,19,661
2019,1,20,636
2019,1,21,676
2019,1,22,736
2019,1,23,729
2019,1,24,725
2019,1,25,780
2019,1,26,771
2019,1,27,746
2019,1,28,756
2019,1,29,737
2019,1,30,777
2019,1,31,794
2019,2,1,767
2019,2,2,777
2019,2,3,802
2019,2,4,794
2019,2,5,826
2019,2,6,878
2019,2,7,846
2019,2,8,714
2019,2,9,691
2019,2,10,717
2019,2,11,714
2019,2,12,744
2019,2,13,794
2019,2,14,767
2019,2,15,744
2019,2,16,798
2019,2,17,807
2019,2,18,805
2019,2,19,812
2019,2,20,-32767
2019,2,21,-32767
2019,2,22,860
2019,2,23,854
2019,2,24,841
2019,2,25,830
2019,2,26,817
2019,2,27,806
2019,2,28,824
2019,3,1,820
2019,3,2,820
2019,3,3,856
2019,3,4,893
2019,3,5,841
2019,3,6,710
2019,3,7,714
2019,3,8,769
2019,3,9,758
2019,3,10,718
2019,3,11,690
2019,3,12,720
2019,3,13,784
2019,3,14,775
2019,3,15,758
2019,3,16,792
2019,3,17,791
2019,3,18,817
2019,3,19,865
2019,3,20,859
2019,3,21,875
2019,3,22,889
2019,3,23,822
2019,3,24,768
2019,3,25,808
2019,3,26,857
2019,3,27,857
2019,3,28,824
2019,3,29,802
2019,3,30,810
2019,3,31,822
2019,4,1,797
2019,4,2,796
2019,4,3,788
2019,4,4,796
2019,4,5,817
2019,4,6,833
2019,4,7,806
2019,4,8,778
2019,4,9,783
2019,4,10,772
2019,4,11,774
2019,4,12,795
2019,4,13,795
2019,4,14,812
2019,4,15,794
2019,4,16,787
2019,4,17,802
2019,4,18,825
2019,4,19,859
2019,4,20,884
2019,4,21,871
2019,4,22,827
2019,4,23,798
2019,4,24,818
2019,4,25,826
2019,4,26,833
2019,4,27,820
2019,4,28,825
2019,4,29,846
2019,4,30,855
2019,5,1,847
2019,5,2,811
2019,5,3,778
2019,5,4,743
2019,5,5,678
2019,5,6,665
2019,5,7,-32767
2019,5,8,-32767
2019,5,9,-32767
2019,5,10,-32767
2019,5,11,-32767
2019,5,12,-32767
2019,5,13,-32767
2019,5,14,-32767
2019,5,15,921
2019,5,16,896
2019,5,17,904
2019,5,18,949
2019,5,19,963
2019,5,20,952
2019,5,21,911
2019,5,22,892
2019,5,23,904
2019,5,24,902
2019,5,25,875
2019,5,26,802
2019,5,27,795
2019,5,28,801
2019,5,29,796
2019,5,30,787
2019,5,31,792
2019,6,1,819
2019,6,2,851
2019,6,3,791
2019,6,4,748
2019,6,5,740
2019,6,6,770
2019,6,7,765
2019,6,8,778
2019,6,9,832
2019,6,10,829
2019,6,11,806
2019,6,12,800
2019,6,13,803
2019,6,14,801
2019,6,15,797
2019,6,16,795
2019,6,17,758
2019,6,18,755
2019,6,19,764
2019,6,20,760
2019,6,21,758
2019,6,22,747
2019,6,23,759
2019,6,24,768
2019,6,25,772
2019,6,26,766
2019,6,27,776
2019,6,28,788
2019,6,29,781
2019,6,30,763
2019,7,1,-32767
2019,7,2,-32767
2019,7,3,-32767
2019,7,4,-32767
2019,7,5,-32767
2019,7,6,-32767
2019,7,7,-32767
2019,7,8,701
2019,7,9,-32767
2019,7,10,-32767
2019,7,11,751
2019,7,12,-32767
2019,7,13,-32767
2019,7,14,-32767
2019,7,15,-32767
2019,7,16,731
2019,7,17,739
2019,7,18,748
2019,7,19,742
2019,7,20,747
2019,7,21,791
2019,7,22,809
2019,7,23,787
2019,7,24,777
2019,7,25,798
2019,7,26,810
2019,7,27,797
2019,7,28,800
2019,7,29,809
2019,7,30,800
2019,7,31,795
2019,8,1,792
2019,8,2,789
2019,8,3,781
2019,8,4,787
2019,8,5,819
2019,8,6,843
2019,8,7,839
2019,8,8,-32767
2019,8,9,837
2019,8,10,829
2019,8,11,845
2019,8,12,826
2019,8,13,798
2019,8,14,781
2019,8,15,781
2019,8,16,784
2019,8,17,786
2019,8,18,790
2019,8,19,797
2019,8,20,-32767
2019,8,21,821
2019,8,22,829
2019,8,23,830
2019,8,24,831
2019,8,25,810
2019,8,26,789
2019,8,27,801
2019,8,28,805
2019,8,29,822
2019,8,30,839
2019,8,31,829
2019,9,1,848
2019,9,2,841
2019,9,3,822
2019,9,4,840
2019,9,5,837
2019,9,6,826
2019,9,7,833
2019,9,8,828
2019,9,9,791
2019,9,10,760
2019,9,11,774
2019,9,12,793
2019,9,13,783
2019,9,14,798
2019,9,15,803
2019,9,16,796
2019,9,17,800
2019,9,18,836
2019,9,19,851
2019,9,20,843
2019,9,21,837
2019,9,22,846
2019,9,23,839
2019,9,24,822
2019,9,25,-32767
2019,9,26,-32767
2019,9,27,-32767
2019,9,28,-32767
2019,9,29,-32767
2019,9,30,838
2019,10,1,870
2019,10,2,889
2019,10,3,887
2019,10,4,883
2019,10,5,897
2019,10,6,886
2019,10,7,875
2019,10,8,867
2019,10,9,859
2019,10,10,-32767
2019,10,11,-32767
2019,10,12,-32767
2019,10,13,-32767
2019,10,14,-32767
2019,10,15,888
2019,10,16,-32767
2019,10,17,855
2019,10,18,878
2019,10,19,876
2019,10,20,889
2019,10,21,915
2019,10,22,907
2019,10,23,908
2019,10,24,921
2019,10,25,904
2019,10,26,869
2019,10,27,846
2019,10,28,848
2019,10,29,836
2019,10,30,882
2019,10,31,897
2019,11,1,857
2019,11,2,880
2019,11,3,889
2019,11,4,-32767
2019,11,5,-32767
2019,11,6,767
2019,11,7,799
2019,11,8,787
2019,11,9,750
2019,11,10,738
2019,11,11,741
2019,11,12,738
2019,11,13,728
2019,11,14,746
2019,11,15,751
2019,11,16,751
2019,11,17,760
2019,11,18,781
2019,11,19,811
2019,11,20,829
2019,11,21,821
2019,11,22,801
2019,11,23,796
2019,11,24,801
2019,11,25,775
2019,11,26,764
2019,11,27,810
2019,11,28,817
2019,11,29,818
2019,11,30,823
2019,12,1,821
2019,12,2,823
2019,12,3,820
2019,12,4,791
2019,12,5,781
2019,12,6,793
2019,12,7,799
2019,12,8,807
2019,12,9,798
2019,12,10,779
2019,12,11,793
2019,12,12,787
2019,12,13,778
2019,12,14,764
2019,12,15,758
2019,12,16,766
2019,12,17,772
2019,12,18,794
2019,12,19,823
2019,12,20,-32767
2019,12,21,859
2019,12,22,841
2019,12,23,848
2019,12,24,833
2019,12,25,761
2019,12,26,713
2019,12,27,726
2019,12,28,747
2019,12,29,732
2019,12,30,728
2019,12,31,760
2020,1,1,778
2020,1,2,738
2020,1,3,720
2020,1,4,720
2020,1,5,701
2020,1,6,674
2020,1,7,735
2020,1,8,764
2020,1,9,759
2020,1,10,742
2020,1,11,722
2020,1,12,730
2020,1,13,753
2020,1,14,760
2020,1,15,737
2020,1,16,775
2020,1,17,808
2020,1,18,810
2020,1,19,820
2020,1,20,809
2020,1,21,788
2020,1,22,815
2020,1,23,849
2020,1,24,838
2020,1,25,822
2020,1,26,814
2020,1,27,819
2020,1,28,825
2020,1,29,831
2020,1,30,824
2020,1,31,808
2020,2,1,813
2020,2,2,813
2020,2,3,827
2020,2,4,836
2020,2,5,803
2020,2,6,782
2020,2,7,789
2020,2,8,781
2020,2,9,784
2020,2,10,838
2020,2,11,855
2020,2,12,846
2020,2,13,858
2020,2,14,875
2020,2,15,843
2020,2,16,828
2020,2,17,865
2020,2,18,884
2020,2,19,886
2020,2,20,846
2020,2,21,837
2020,2,22,838
2020,2,23,-32767
2020,2,24,860
2020,2,25,886
2020,2,26,886
2020,2,27,890
2020,2,28,876
2020,2,29,893
2020,3,1,919
2020,3,2,863
2020,3,3,819
2020,3,4,837
2020,3,5,835
2020,3,6,824
2020,3,7,822
2020,3,8,825
2020,3,9,831
2020,3,10,824
2020,3,11,793
2020,3,12,785
2020,3,13,794
2020,3,14,801
2020,3,15,789
2020,3,16,780
2020,3,17,805
2020,3,18,850
2020,3,19,886
2020,3,20,863
2020,3,21,835
2020,3,22,829
2020,3,23,825
2020,3,24,837
2020,3,25,812
2020,3,26,821
2020,3,27,828
2020,3,28,839
2020,3,29,876
2020,3,30,871
2020,3,31,834
2020,4,1,863
2020,4,2,902
2020,4,3,865
2020,4,4,855
2020,4,5,875
2020,4,6,901
2020,4,7,876
2020,4,8,881
2020,4,9,847
2020,4,10,800
2020,4,11,817
2020,4,12,870
2020,4,13,851
2020,4,14,812
2020,4,15,839
2020,4,16,847
2020,4,17,855
2020,4,18,899
2020,4,19,914
2020,4,20,894
2020,4,21,883
2020,4,22,885
2020,4,23,861
2020,4,24,831
2020,4,25,852
2020,4,26,801
2020,4,27,775
2020,4,28,779
2020,4,29,764
2020,4,30,746
2020,5,1,755
2020,5,2,759
2020,5,3,723
2020,5,4,733
2020,5,5,747
2020,5,6,763
2020,5,7,789
2020,5,8,774
2020,5,9,771
2020,5,10,775
2020,5,11,785
2020,5,12,797
2020,5,13,829
2020,5,14,831
2020,5,15,846
2020,5,16,844
2020,5,17,794
2020,5,18,749
2020,5,19,714
2020,5,20,694
2020,5,21,681
2020,5,22,655
2020,5,23,606
2020,5,24,573
2020,5,25,594
2020,5,26,621
2020,5,27,647
2020,5,28,630
2020,5,29,687
2020,5,30,752
2020,5,31,776
2020,6,1,774
2020,6,2,746
2020,6,3,751
2020,6,4,767
2020,6,5,779
2020,6,6,759
2020,6,7,707
2020,6,8,699
2020,6,9,788
2020,6,10,798
2020,6,11,757
2020,6,12,753
2020,6,13,767
2020,6,14,793
2020,6,15,801
2020,6,16,811
2020,6,17,833
2020,6,18,841
2020,6,19,844
2020,6,20,827
2020,6,21,808
2020,6,22,807
2020,6,23,791
2020,6,24,800
2020,6,25,847
2020,6,26,827
2020,6,27,785
2020,6,28,759
2020,6,29,778
2020,6,30,792
2020,7,1,781
2020,7,2,761
2020,7,3,750
2020,7,4,752
2020,7,5,748
2020,7,6,736
2020,7,7,730
2020,7,8,717
2020,7,9,699
2020,7,10,712
2020,7,11,716
2020,7,12,697
2020,7,13,684
2020,7,14,708
2020,7,15,718
2020,7,16,704
2020,7,17,699
2020,7,18,663
2020,7,19,662
2020,7,20,684
2020,7,21,680
2020,7,22,701
2020,7,23,789
2020,7,24,826
2020,7,25,788
2020,7,26,745
2020,7,27,749
2020,7,28,810
2020,7,29,847
2020,7,30,794
2020,7,31,738
2020,8,1,718
2020,8,2,757
2020,8,3,804
2020,8,4,812
2020,8,5,844
2020,8,6,918
2020,8,7,883
2020,8,8,826
2020,8,9,851
2020,8,10,841
2020,8,11,796
2020,8,12,762
2020,8,13,765
2020,8,14,741
2020,8,15,711
2020,8,16,702
2020,8,17,708
2020,8,18,707
2020,8,19,717
2020,8,20,732
2020,8,21,709
2020,8,22,681
2020,8,23,712
2020,8,24,718
2020,8,25,677
2020,8,26,662
2020,8,27,670
2020,8,28,664
2020,8,29,671
2020,8,30,667
2020,8,31,638
